species_original,species_accepted,n_records
Russula ochroleuca,Russula ochroleuca,3833
Lactarius quietus,Lactarius quietus,3603
Lactarius tabidus,Lactarius tabidus,3365
Russula nigricans,Russula nigricans,2306
Russula atropurpurea,Russula atropurpurea,2228
Russula amoenolens,Russula amoenolens,2025
Russula cyanoxantha,Russula cyanoxantha,2019
Russula parazurea,Russula parazurea,1888
Lactarius necator,Lactarius necator,1878
Russula fragilis,Russula fragilis,1859
Russula grisea,Russula grisea,1677
Russula vesca,Russula vesca,1624
Paxillus involutus,Paxillus involutus,1567
Scleroderma citrinum,Scleroderma citrinum,1567
Amanita rubescens,Amanita rubescens,1542
Lactarius rufus,Lactarius rufus,1526
Russula velenovskyi,Russula velenovskyi,1465
Lactarius camphoratus,Lactarius camphoratus,1463
Lactarius blennius,Lactarius blennius,1313
Russula nitida,Russula nitida,1225
Russula emetica,Russula emetica,1212
Russula pectinatoides,Russula pectinatoides,1198
Phallus impudicus,Phallus impudicus,1195
Russula fellea,Russula fellea,1162
Russula betularum,Russula betularum,1156
Amanita muscaria,Amanita muscaria,1153
Helvella crispa,Helvella crispa,1050
Lycoperdon perlatum,Lycoperdon perlatum,1040
Lactarius subdulcis,Lactarius subdulcis,1033
Gymnopus dryophilus,Gymnopus dryophilus,994
Amanita citrina,Amanita citrina,991
Lactarius glyciosmus,Lactarius glyciosmus,969
Russula risigallina,Russula risigallina,950
Amanita fulva,Amanita fulva,926
Collybiopsis peronata,Collybiopsis peronata,918
Marasmius oreades,Marasmius oreades,915
Gymnopus dryophilus s.s.,Gymnopus dryophilus s.s.,907
Russula mairei,Russula mairei,902
Russula silvestris,Russula silvestris,897
Scleroderma areolatum,Scleroderma areolatum,888
Lactarius hepaticus,Lactarius hepaticus,885
Helvella lacunosa,Helvella lacunosa,855
Russula puellaris,Russula puellaris,851
Calvatia excipuliformis,Calvatia excipuliformis,848
Russula claroflava,Russula claroflava,823
Russula densifolia,Russula densifolia,822
Collybiopsis ramealis,Collybiopsis ramealis,784
Lactarius pubescens,Lactarius pubescens,773
Pleurotus ostreatus,Pleurotus ostreatus,749
Boletus edulis,Boletus edulis,744
Collybiopsis confluens,Collybiopsis confluens,712
Russula xerampelina,Russula xerampelina,708
Russula aeruginea,Russula aeruginea,680
Leccinum scabrum,Leccinum scabrum,679
Marasmius rotula,Marasmius rotula,651
Russula brunneoviolacea,Russula brunneoviolacea,626
Neoboletus erythropus,Neoboletus erythropus,605
Russula sardonia,Russula sardonia,597
Lactarius vietus,Lactarius vietus,595
Apioperdon pyriforme,Apioperdon pyriforme,594
Collybiopsis vaillantii,Collybiopsis vaillantii,591
Lactarius chrysorrheus,Lactarius chrysorrheus,591
Russula ionochlora,Russula ionochlora,587
Gymnopus androsaceus,Gymnopus androsaceus,584
Russula violeipes,Russula violeipes,583
Hygrophoropsis aurantiaca,Hygrophoropsis aurantiaca,577
Lactifluus vellereus,Lactifluus vellereus,572
Russula exalbicans,Russula exalbicans,571
Amanita citrina f. alba,Amanita citrina f. alba,554
Lactarius obscuratus,Lactarius obscuratus,550
Lactarius lacunarum,Lactarius lacunarum,536
Russula caerulea,Russula caerulea,533
Russula virescens,Russula virescens,533
Lycoperdon pratense,Lycoperdon pratense,521
Amanita excelsa,Amanita excelsa,507
Lactarius controversus,Lactarius controversus,480
Cantharellus cibarius,Cantharellus cibarius,478
Russula versicolor,Russula versicolor,442
Amanita phalloides,Amanita phalloides,429
Scleroderma verrucosum,Scleroderma verrucosum,428
Hygrocybe conica,Hygrocybe conica,423
Cuphophyllus virgineus,Cuphophyllus virgineus,419
Russula heterophylla,Russula heterophylla,398
Chalciporus piperatus,Chalciporus piperatus,396
Lycoperdon nigrescens,Lycoperdon nigrescens,379
Gymnopus erythropus,Gymnopus erythropus,361
Bovista plumbea,Bovista plumbea,356
Tricholoma fulvum,Tricholoma fulvum,350
Cyathus striatus,Cyathus striatus,347
Geastrum triplex,Geastrum triplex,342
Lactarius pyrogalus,Lactarius pyrogalus,337
Lactarius torminosus,Lactarius torminosus,334
Hygrocybe miniata,Hygrocybe miniata,332
Russula rosea,Russula rosea,329
Crucibulum crucibuliforme,Crucibulum crucibuliforme,327
Collybia cookei,Collybia cookei,325
Gymnopus fusipes,Gymnopus fusipes,325
Suillus luteus,Suillus luteus,325
Calvatia gigantea,Calvatia gigantea,320
Tricholoma scalpturatum,Tricholoma scalpturatum,317
Auriscalpium vulgare,Auriscalpium vulgare,315
Russula graveolens,Russula graveolens,313
Collybia cirrhata,Collybia cirrhata,311
Leccinum scabrum s.s.,Leccinum scabrum s.s.,309
Amanita pantherina,Amanita pantherina,307
Helvella macropus,Helvella macropus,307
Leotia lubrica,Leotia lubrica,291
Suillus bovinus,Suillus bovinus,291
Marasmius curreyi,Marasmius curreyi,289
Suillus grevillei,Suillus grevillei,288
Tylopilus felleus,Tylopilus felleus,284
Helvella acetabulum,Helvella acetabulum,282
Amanita vaginata,Amanita vaginata,278
Sphaerobolus stellatus,Sphaerobolus stellatus,270
Lentinus tigrinus,Lentinus tigrinus,269
Mutinus caninus,Mutinus caninus,269
Lactarius helvus,Lactarius helvus,268
Tricholoma sulphureum,Tricholoma sulphureum,264
Russula delica,Russula delica,261
Cyathus olla,Cyathus olla,245
Russula foetens,Russula foetens,244
Hydnum repandum,Hydnum repandum,232
Rhizomarasmius setosus,Rhizomarasmius setosus,228
Gymnopus ocior,Gymnopus ocior,226
Tricholoma ustale,Tricholoma ustale,220
Scleroderma bovista,Scleroderma bovista,215
Russula melliolens,Russula melliolens,210
Russula paludosa,Russula paludosa,210
Russula pseudointegra,Russula pseudointegra,209
Leccinum aurantiacum,Leccinum aurantiacum,204
Tricholoma argyraceum,Tricholoma argyraceum,202
Scleroderma cepa,Scleroderma cepa,199
Marasmius bulliardii,Marasmius bulliardii,196
Russula aurora,Russula aurora,195
Lycoperdon molle,Lycoperdon molle,193
Cyanoboletus pulverulentus,Cyanoboletus pulverulentus,190
Lactarius deliciosus,Lactarius deliciosus,185
Lactarius serifluus,Lactarius serifluus,182
Otidea bufonia,Otidea bufonia,180
Lactarius omphaliformis,Lactarius omphaliformis,178
Pleurotus pulmonarius,Pleurotus pulmonarius,177
Russula persicina,Russula persicina,174
Lycoperdon lividum,Lycoperdon lividum,172
Collybiopsis quercophila,Collybiopsis quercophila,169
Crinipellis scabella,Crinipellis scabella,167
Hygrophorus hypothejus,Hygrophorus hypothejus,167
Lactarius scrobiculatus,Lactarius scrobiculatus,161
Gliophorus psittacinus,Gliophorus psittacinus,160
Tricholoma cingulatum,Tricholoma cingulatum,159
Amanita gemmata,Amanita gemmata,158
Lactarius decipiens,Lactarius decipiens,157
Leccinum cyaneobasileucum,Leccinum cyaneobasileucum,157
Marasmius epiphyllus,Marasmius epiphyllus,155
Geastrum fimbriatum,Geastrum fimbriatum,153
Morchella esculenta,Morchella esculenta,153
Russula laurocerasi,Russula laurocerasi,150
Russula pectinata,Russula pectinata,148
Russula solaris,Russula solaris,147
Suillus variegatus,Suillus variegatus,145
Boletus reticulatus,Boletus reticulatus,142
Russula odorata,Russula odorata,142
Lactarius circellatus,Lactarius circellatus,141
Leccinum variicolor,Leccinum variicolor,141
Tricholoma saponaceum,Tricholoma saponaceum,139
Pleurotus dryinus,Pleurotus dryinus,138
Suillellus luridus,Suillellus luridus,136
Hydnellum concrescens,Hydnellum concrescens,135
Leccinum versipelle,Leccinum versipelle,134
Bovistella utriformis,Bovistella utriformis,132
Helvella fibrosa,Helvella fibrosa,131
Helvella elastica,Helvella elastica,127
Lactarius subumbonatus,Lactarius subumbonatus,123
Tricholoma populinum,Tricholoma populinum,123
Marasmius cohaerens,Marasmius cohaerens,121
Collybia tuberosa,Collybia tuberosa,120
Russula farinipes,Russula farinipes,115
Otidea onotica,Otidea onotica,110
Lactarius fluens,Lactarius fluens,108
Otidea alutacea,Otidea alutacea,108
Phellodon tomentosus,Phellodon tomentosus,108
Amanita porphyria,Amanita porphyria,107
Helvella solitaria,Helvella solitaria,107
Sarcoscypha jurana,Sarcoscypha jurana,107
Craterellus cornucopioides,Craterellus cornucopioides,106
Russula subrubens,Russula subrubens,106
Suillus granulatus,Suillus granulatus,106
Lactarius quieticolor,Lactarius quieticolor,104
Marasmius wynneae,Marasmius wynneae,104
Russula turci,Russula turci,103
Chroogomphus rutilus,Chroogomphus rutilus,102
Paragymnopus perforans,Paragymnopus perforans,101
Russula adusta,Russula adusta,100
Tricholoma equestre,Tricholoma equestre,100
Bovista nigrescens,Bovista nigrescens,98
Hydnum rufescens,Hydnum rufescens,98
Xerocomellus armeniacus,Xerocomellus armeniacus,96
Leccinum albostipitatum,Leccinum albostipitatum,95
Rhizina undulata,Rhizina undulata,95
Russula insignis,Russula insignis,95
Helvella atra,Helvella atra,94
Lactarius zonarius,Lactarius zonarius,94
Caloboletus radicans,Caloboletus radicans,91
Russula chloroides,Russula chloroides,90
Sarcoscypha austriaca,Sarcoscypha austriaca,88
Tricholoma album,Tricholoma album,88
Gomphidius roseus,Gomphidius roseus,87
Russula albonigra,Russula albonigra,87
Suillellus queletii,Suillellus queletii,86
Gyroporus castaneus,Gyroporus castaneus,85
Tricholoma imbricatum,Tricholoma imbricatum,84
Hydnellum spongiosipes,Hydnellum spongiosipes,82
Tricholoma portentosum,Tricholoma portentosum,82
Mitrula paludosa,Mitrula paludosa,81
Tricholoma columbetta,Tricholoma columbetta,81
Tricholoma terreum,Tricholoma terreum,81
Lycoperdon echinatum,Lycoperdon echinatum,80
Tulostoma brumale,Tulostoma brumale,80
Cuphophyllus pratensis,Cuphophyllus pratensis,79
Lycoperdon umbrinum,Lycoperdon umbrinum,79
Russula atrorubens,Russula atrorubens,79
Rhodocollybia butyracea,Rhodocollybia butyracea,78
Hygrophorus eburneus,Hygrophorus eburneus,76
Leccinellum pseudoscabrum,Leccinellum pseudoscabrum,76
Russula veternosa,Russula veternosa,74
Helvella spadicea,Helvella spadicea,73
Paxillus filamentosus,Paxillus filamentosus,73
Lactarius aurantiacus,Lactarius aurantiacus,71
Russula melitodes,Russula melitodes,71
Hygrocybe glutinipes,Hygrocybe glutinipes,70
Marasmius limosus,Marasmius limosus,70
Russula olivacea,Russula olivacea,70
Morchella importuna,Morchella importuna,69
Gyroporus cyanescens,Gyroporus cyanescens,68
Marasmius torquescens,Marasmius torquescens,66
Hydnellum scabrosum,Hydnellum scabrosum,65
Russula violacea,Russula violacea,65
Helvella ephippium,Helvella ephippium,64
Hygrocybe insipida,Hygrocybe insipida,64
Lactarius azonites,Lactarius azonites,63
Leccinum duriusculum,Leccinum duriusculum,63
Russula nobilis,Russula nobilis,63
Disciotis venosa,Disciotis venosa,61
Gyromitra esculenta,Gyromitra esculenta,61
Hygrocybe acutoconica,Hygrocybe acutoconica,60
Mycetinis alliaceus,Mycetinis alliaceus,60
Tricholoma albobrunneum,Tricholoma albobrunneum,60
Russula puellula,Russula puellula,59
Hygrocybe ceracea,Hygrocybe ceracea,57
Russula pelargonia,Russula pelargonia,57
Butyriboletus appendiculatus,Butyriboletus appendiculatus,56
Nidularia deformis,Nidularia deformis,56
Hygrophorus pustulatus,Hygrophorus pustulatus,55
Lactarius fulvissimus,Lactarius fulvissimus,55
Lactarius mammosus,Lactarius mammosus,55
Hygrophorus discoxanthus,Hygrophorus discoxanthus,54
Sarcodon imbricatus,Sarcodon imbricatus,52
Gymnopus foetidus,Gymnopus foetidus,51
Lactarius deterrimus,Lactarius deterrimus,51
Mycetinis scorodonius,Mycetinis scorodonius,51
Russula raoultii,Russula raoultii,50
Bovista aestivalis,Bovista aestivalis,49
Hygrocybe chlorophana,Hygrocybe chlorophana,49
Leccinum holopus,Leccinum holopus,49
Geoglossum barlae,Geoglossum barlae,48
Hericium cirrhatum,Hericium cirrhatum,48
Marasmius epiphylloides,Marasmius epiphylloides,48
Russula sororia,Russula sororia,48
Gymnopus aquosus,Gymnopus aquosus,47
Gyrodon lividus,Gyrodon lividus,47
Geastrum striatum,Geastrum striatum,46
Russula olivaceoviolascens,Russula olivaceoviolascens,46
Lactarius trivialis,Lactarius trivialis,45
Russula luteotacta,Russula luteotacta,45
Russula maculata,Russula maculata,45
Xerocomellus ripariellus,Xerocomellus ripariellus,45
Amanita strobiliformis,Amanita strobiliformis,44
Tricholoma lascivum,Tricholoma lascivum,44
Lactarius evosmus,Lactarius evosmus,43
Pleurotus cornucopiae,Pleurotus cornucopiae,43
Russula aquosa,Russula aquosa,43
Russula decipiens,Russula decipiens,43
Faerberia carbonarium,Faerberia carbonarium,42
Helvella corium,Helvella corium,42
Imleria badia,Imleria badia,42
Suillus collinitus,Suillus collinitus,42
Verpa conica,Verpa conica,42
Caloboletus calopus,Caloboletus calopus,41
Otidea leporina,Otidea leporina,41
Clathrus archeri,Clathrus archeri,40
Russula cessans,Russula cessans,39
Tricholoma sejunctum,Tricholoma sejunctum,39
Russula clavipes,Russula clavipes,38
Lactarius pallidus,Lactarius pallidus,37
Geoglossum cookeanum,Geoglossum cookeanum,36
Strobilomyces strobilaceus,Strobilomyces strobilaceus,36
Marasmius epodius,Marasmius epodius,35
Mutinus ravenelii,Mutinus ravenelii,34
Russula sanguinaria,Russula sanguinaria,34
Amanita crocea,Amanita crocea,33
Cryptomarasmius minutus,Cryptomarasmius minutus,33
Lactarius aspideus,Lactarius aspideus,33
Russula curtipes,Russula curtipes,33
Tricholoma pessundatum,Tricholoma pessundatum,33
Glutinoglossum glutinosum,Glutinoglossum glutinosum,32
Amanita echinocephala,Amanita echinocephala,31
Neolentinus lepideus,Neolentinus lepideus,31
Russula subterfurcata,Russula subterfurcata,31
Tricholoma atrosquamosum,Tricholoma atrosquamosum,31
Bovista pusilla,Bovista pusilla,30
Geoglossum fallax,Geoglossum fallax,30
Gliophorus irrigatus,Gliophorus irrigatus,30
Hydnellum ioeides,Hydnellum ioeides,30
Lactifluus volemus,Lactifluus volemus,30
Rubroboletus satanas,Rubroboletus satanas,30
Russula cuprea,Russula cuprea,30
Trichoglossum hirsutum,Trichoglossum hirsutum,30
Tulostoma melanocyclum,Tulostoma melanocyclum,30
Tricholoma acerbum,Tricholoma acerbum,29
Geastrum pectinatum,Geastrum pectinatum,28
Hygrocybe coccineocrenata,Hygrocybe coccineocrenata,28
Resinomycena saccharifera,Resinomycena saccharifera,28
Russula alnetorum,Russula alnetorum,28
Gomphidius maculatus,Gomphidius maculatus,27
Hygrocybe coccinea,Hygrocybe coccinea,27
Lactarius cyathuliformis,Lactarius cyathuliformis,27
Phyllotopsis nidulans,Phyllotopsis nidulans,27
Rhodocollybia maculata,Rhodocollybia maculata,27
Tricholoma sciodes,Tricholoma sciodes,27
Amanita virosa,Amanita virosa,26
Boletus pinophilus,Boletus pinophilus,26
Cuphophyllus russocoriaceus,Cuphophyllus russocoriaceus,26
Hygrophorus agathosmus,Hygrophorus agathosmus,26
Russula cicatricata,Russula cicatricata,26
Russula integra,Russula integra,26
Suillus viscidus,Suillus viscidus,26
Collybiopsis luxurians,Collybiopsis luxurians,25
Geastrum corollinum,Geastrum corollinum,25
Hygrophorus olivaceoalbus,Hygrophorus olivaceoalbus,25
Russula carpini,Russula carpini,25
Boletus aereus,Boletus aereus,24
Geastrum quadrifidum,Geastrum quadrifidum,24
Gliophorus laetus,Gliophorus laetus,24
Hygrophorus penarius,Hygrophorus penarius,24
Lactifluus piperatus,Lactifluus piperatus,24
Russula queletii,Russula queletii,24
Tricholoma virgatum,Tricholoma virgatum,24
Amanita franchetii,Amanita franchetii,23
Amanita umbrinolutea,Amanita umbrinolutea,23
Dissingia leucomelaena,Dissingia leucomelaena,23
Gomphidius glutinosus,Gomphidius glutinosus,23
Limacellopsis guttata,Limacellopsis guttata,23
Russula amoenoides,Russula amoenoides,23
Amanita submembranacea,Amanita submembranacea,22
Aureoboletus gentilis,Aureoboletus gentilis,22
Bovista limosa,Bovista limosa,22
Geastrum minimum,Geastrum minimum,22
Geoglossum glabrum,Geoglossum glabrum,22
Limacella delicata,Limacella delicata,22
Phellodon niger,Phellodon niger,22
Amanita strangulata,Amanita strangulata,21
Gymnopus fagiphilus,Gymnopus fagiphilus,21
Hericium erinaceus,Hericium erinaceus,21
Hygrophorus pallidus,Hygrophorus pallidus,21
Lactarius lilacinus,Lactarius lilacinus,21
Russula romellii,Russula romellii,21
Tricholoma inamoenum,Tricholoma inamoenum,21
Cantharellus friesii,Cantharellus friesii,20
Hydnellum ferrugineum,Hydnellum ferrugineum,20
Lactarius acerrimus,Lactarius acerrimus,20
Leccinum molle,Leccinum molle,20
Hygrophorus nemoreus,Hygrophorus nemoreus,19
Pseudoboletus parasiticus,Pseudoboletus parasiticus,19
Russula anthracina,Russula anthracina,19
Russula nauseosa,Russula nauseosa,19
Helvella fusca,Helvella fusca,18
Hydnellum scrobiculatum,Hydnellum scrobiculatum,18
Hygrophorus unicolor,Hygrophorus unicolor,18
Lactarius fuliginosus,Lactarius fuliginosus,18
Russula amoena,Russula amoena,18
Gymnopus hariolorum,Gymnopus hariolorum,17
Hygrophorus chrysodon,Hygrophorus chrysodon,17
Lycoperdon mammiforme,Lycoperdon mammiforme,17
Paxillus ammoniavirescens,Paxillus ammoniavirescens,17
Russula gracillima,Russula gracillima,17
Russula laeta,Russula laeta,17
Russula melzeri,Russula melzeri,17
Tricholoma orirubens,Tricholoma orirubens,17
Tricholoma ustaloides,Tricholoma ustaloides,17
Tricholoma vaccinum,Tricholoma vaccinum,17
Amanita lividopallescens,Amanita lividopallescens,16
Amanita olivaceogrisea,Amanita olivaceogrisea,16
Clathrus ruber,Clathrus ruber,16
Gymnopus fuscopurpureus,Gymnopus fuscopurpureus,16
Hemileccinum impolitum,Hemileccinum impolitum,16
Tricholoma stiparophyllum,Tricholoma stiparophyllum,16
Xerocomus subtomentosus,Xerocomus subtomentosus,16
Amanita simulans,Amanita simulans,15
Cuphophyllus fornicatus,Cuphophyllus fornicatus,15
Geastrum coronatum,Geastrum coronatum,15
Marasmiellus candidus,Marasmiellus candidus,15
Microglossum viride,Microglossum viride,15
Neolentinus schaefferi,Neolentinus schaefferi,15
Phellodon confluens,Phellodon confluens,15
Poronia erici,Poronia erici,15
Poronia punctata,Poronia punctata,15
Russula plumbeobrunnea,Russula plumbeobrunnea,15
Russula subfoetens,Russula subfoetens,15
Suillus cavipes,Suillus cavipes,15
Tricholoma psammopus,Tricholoma psammopus,15
Hemileccinum depilatus,Hemileccinum depilatus,14
Hygrocybe mucronella,Hygrocybe mucronella,14
Hygrocybe obrussea,Hygrocybe obrussea,14
Hygrophoropsis macrospora,Hygrophoropsis macrospora,14
Lactarius hysginus,Lactarius hysginus,14
Leccinellum crocipodium,Leccinellum crocipodium,14
Marasmiellus tricolor,Marasmiellus tricolor,14
Russula faginea,Russula faginea,14
Amanita eliae,Amanita eliae,13
Amanita mairei,Amanita mairei,13
Bovista graveolens,Bovista graveolens,13
Cantharellus ferruginascens,Cantharellus ferruginascens,13
Gymnopus brassicolens,Gymnopus brassicolens,13
Hygrophorus russula,Hygrophorus russula,13
Russula acrifolia,Russula acrifolia,13
Russula aurea,Russula aurea,13
Russula minutula,Russula minutula,13
Astraeus hygrometricus,Astraeus hygrometricus,12
Bovista dermoxantha,Bovista dermoxantha,12
Connopus acervatus,Connopus acervatus,12
Helvella latispora,Helvella latispora,12
Hydnellum fennicum,Hydnellum fennicum,12
Hygrocybe cantharellus,Hygrocybe cantharellus,12
Phallus hadriani,Phallus hadriani,12
Russula vinosopurpurea,Russula vinosopurpurea,12
Spathularia flavida,Spathularia flavida,12
Suillus placidus,Suillus placidus,12
Bankera fuligineoalba,Bankera fuligineoalba,11
Geastrum rufescens,Geastrum rufescens,11
Geastrum schmidelii,Geastrum schmidelii,11
Hydnellum lepidum,Hydnellum lepidum,11
Lactifluus glaucescens,Lactifluus glaucescens,11
Mycocalia denudata,Mycocalia denudata,11
Russula clariana,Russula clariana,11
Russula emeticicolor,Russula emeticicolor,11
Tricholoma bufonium,Tricholoma bufonium,11
Xerocomellus chrysenteron,Xerocomellus chrysenteron,11
Amanita battarae,Amanita battarae,10
Butyriboletus fechtneri,Butyriboletus fechtneri,10
Lactarius ruginosus,Lactarius ruginosus,10
Lactarius uvidus,Lactarius uvidus,10
Marasmius querceus,Marasmius querceus,10
Russula rhodomelanea,Russula rhodomelanea,10
Suillus bresadolae,Suillus bresadolae,10
Tricholoma focale,Tricholoma focale,10
Cantharellus amethysteus,Cantharellus amethysteus,9
Cuphophyllus flavipes,Cuphophyllus flavipes,9
Hericium flagellum,Hericium flagellum,9
Hodophilus foetens,Hodophilus foetens,9
Hygrophorus hedrychii,Hygrophorus hedrychii,9
Hygrophorus lucorum,Hygrophorus lucorum,9
Hygrophorus persoonii,Hygrophorus persoonii,9
Lactarius utilis,Lactarius utilis,9
Russula amethystina,Russula amethystina,9
Russula sp.,Russula sp.,9
Dendrocollybia racemosa,Dendrocollybia racemosa,8
Geoglossum elongatum,Geoglossum elongatum,8
Gymnopus impudicus,Gymnopus impudicus,8
Hygrocybe calciphila,Hygrocybe calciphila,8
Hygrocybe helobia,Hygrocybe helobia,8
Lactarius flavidus,Lactarius flavidus,8
Morchella gigas,Morchella gigas,8
Mycenastrum corium,Mycenastrum corium,8
Rhodocollybia butyracea var. Butyracea,Rhodocollybia butyracea var. Butyracea,8
Russula roseicolor,Russula roseicolor,8
Russula sphagnophila,Russula sphagnophila,8
Sowerbyella radiculata,Sowerbyella radiculata,8
Suillus tridentinus,Suillus tridentinus,8
Tulostoma fimbriatum,Tulostoma fimbriatum,8
Camarophyllopsis phaeophylla,Camarophyllopsis phaeophylla,7
Cantharellus subpruinosus,Cantharellus subpruinosus,7
Geastrum lageniforme,Geastrum lageniforme,7
Lactarius aquizonatus,Lactarius aquizonatus,7
Lactarius semisanguifluus,Lactarius semisanguifluus,7
Morchella vulgaris,Morchella vulgaris,7
Pisolithus arhizus,Pisolithus arhizus,7
Russula badia,Russula badia,7
Russula laccata,Russula laccata,7
Russula pallescens,Russula pallescens,7
Russula pallidospora,Russula pallidospora,7
Russula rhodopus,Russula rhodopus,7
Tricholoma batschii,Tricholoma batschii,7
Helvella cupuliformis,Helvella cupuliformis,6
Hydnellum caeruleum,Hydnellum caeruleum,6
Hygrocybe conicoides,Hygrocybe conicoides,6
Hygrocybe radiata,Hygrocybe radiata,6
Lactarius rubrocinctus,Lactarius rubrocinctus,6
Otidea cochleata,Otidea cochleata,6
Russula amoenicolor,Russula amoenicolor,6
Russula poichilochroa,Russula poichilochroa,6
Zhuliangomyces ochraceoluteus,Zhuliangomyces ochraceoluteus,6
Amanita pantherina var. abietinum,Amanita pantherina var. abietinum,5
Bovista tomentosa,Bovista tomentosa,5
Contumyces rosellus,Contumyces rosellus,5
Craterellus tubaeformis,Craterellus tubaeformis,5
Cyathus stercoreus,Cyathus stercoreus,5
Hydnellum suaveolens,Hydnellum suaveolens,5
Hygrocybe constrictospora,Hygrocybe constrictospora,5
Hygrocybe marchii,Hygrocybe marchii,5
Hygrocybe reidii,Hygrocybe reidii,5
Hygrophoropsis fuscosquamula,Hygrophoropsis fuscosquamula,5
Lactarius repraesentaneus,Lactarius repraesentaneus,5
Leccinum pulchrum,Leccinum pulchrum,5
Neohygrocybe ovina,Neohygrocybe ovina,5
Otidea grandis,Otidea grandis,5
Rubroboletus legaliae,Rubroboletus legaliae,5
Russula anatina,Russula anatina,5
Russula gilvescens,Russula gilvescens,5
Russula multitincta,Russula multitincta,5
Tapinella atrotomentosa,Tapinella atrotomentosa,5
Tricholoma gausapatum,Tricholoma gausapatum,5
Tricholoma sudum,Tricholoma sudum,5
Xerocomellus porosporus,Xerocomellus porosporus,5
Xerocomellus rubellus,Xerocomellus rubellus,5
Amanita argentea,Amanita argentea,4
Cuphophyllus colemannianus,Cuphophyllus colemannianus,4
Heyderia cucullata,Heyderia cucullata,4
Hydnellum compactum,Hydnellum compactum,4
Hygrocybe aurantiosplendens,Hygrocybe aurantiosplendens,4
Hygrophorus poetarum,Hygrophorus poetarum,4
Lanmaoa fragrans,Lanmaoa fragrans,4
Russula alutacea,Russula alutacea,4
Russula brunneoalba,Russula brunneoalba,4
Russula langei,Russula langei,4
Russula torulosa,Russula torulosa,4
Russula zonatula,Russula zonatula,4
Scleroderma flavidum,Scleroderma flavidum,4
Suillus flavidus,Suillus flavidus,4
Tricholoma aurantium,Tricholoma aurantium,4
Tricholoma subsejunctum,Tricholoma subsejunctum,4
Amanita supravolvata,Amanita supravolvata,3
Amanita verna,Amanita verna,3
Aureoboletus sp.,Aureoboletus sp.,3
Boletus sp.,Boletus sp.,3
Butyriboletus regius,Butyriboletus regius,3
Craterellus undulatus,Craterellus undulatus,3
Geastrum campestre,Geastrum campestre,3
Geastrum floriforme,Geastrum floriforme,3
Geastrum fornicatum,Geastrum fornicatum,3
Gloioxanthomyces vitellinus,Gloioxanthomyces vitellinus,3
Gyromitra perlata,Gyromitra perlata,3
Helvella costifera,Helvella costifera,3
Hydnellum aurantiacum,Hydnellum aurantiacum,3
Hydnellum peckii,Hydnellum peckii,3
Hydnellum sp.,Hydnellum sp.,3
Hygrocybe murinacea,Hygrocybe murinacea,3
Hygrophorus arbustivus,Hygrophorus arbustivus,3
Hygrophorus discoideus,Hygrophorus discoideus,3
Hygrophorus gliocyclus,Hygrophorus gliocyclus,3
Hygrophorus piceae,Hygrophorus piceae,3
Lactarius picinus,Lactarius picinus,3
Lactarius pterosporus,Lactarius pterosporus,3
Lactarius sp.,Lactarius sp.,3
Lactifluus bertillonii,Lactifluus bertillonii,3
Porpolomopsis calyptriformis,Porpolomopsis calyptriformis,3
Rhodocollybia prolixa var. distorta,Rhodocollybia prolixa var. distorta,3
Rubroboletus lupinus,Rubroboletus lupinus,3
Russula arpalices,Russula arpalices,3
Russula carminipes,Russula carminipes,3
Russula columbicolor,Russula columbicolor,3
Russula decolorans,Russula decolorans,3
Russula densissima,Russula densissima,3
Russula font-queri,Russula font-queri,3
Russula lepidicolor,Russula lepidicolor,3
Russula sublevispora,Russula sublevispora,3
Tricholoma frondosae,Tricholoma frondosae,3
Amanita betulae,Amanita betulae,2
Amanita coryli,Amanita coryli,2
Amanita friabilis,Amanita friabilis,2
Amanita inopinata,Amanita inopinata,2
Amanita vittadinii,Amanita vittadinii,2
Boletus,Boletus,2
Boletus fechtneri,Boletus fechtneri,2
Camarophyllopsis schulzeri,Camarophyllopsis schulzeri,2
Dissingia confusa,Dissingia confusa,2
Geoglossum difforme,Geoglossum difforme,2
Gyromitra infula,Gyromitra infula,2
Hydnellum lundellii,Hydnellum lundellii,2
Hydnellum tardum,Hydnellum tardum,2
Hygrocybe constrictaspora,Hygrocybe constrictaspora,2
Hygrocybe ingrata,Hygrocybe ingrata,2
Hygrocybe ortoniana,Hygrocybe ortoniana,2
Hygrocybe subpapillata,Hygrocybe subpapillata,2
Hygrophorus lindtneri,Hygrophorus lindtneri,2
Lactarius porninsis,Lactarius porninsis,2
Lactarius resimus,Lactarius resimus,2
Lactarius romagnesii,Lactarius romagnesii,2
Lactarius sanguifluus,Lactarius sanguifluus,2
Leccinum alboroseolum,Leccinum alboroseolum,2
Leccinum schistophilum,Leccinum schistophilum,2
Lycoperdon lambinonii,Lycoperdon lambinonii,2
Lycoperdon sp.,Lycoperdon sp.,2
Marasmius buxi,Marasmius buxi,2
Marasmius collinus,Marasmius collinus,2
Marasmius saccharinus,Marasmius saccharinus,2
Microglossum atropurpureum,Microglossum atropurpureum,2
Microglossum nudipes,Microglossum nudipes,2
Morchella crassipes,Morchella crassipes,2
Neofavolus suavissimus,Neofavolus suavissimus,2
Neolentinus adhaerens,Neolentinus adhaerens,2
Panus neostrigosus,Panus neostrigosus,2
Paxillus sp.,Paxillus sp.,2
Phallus sp.,Phallus sp.,2
Phylloporus pelletieri,Phylloporus pelletieri,2
Rhizomarasmius undatus,Rhizomarasmius undatus,2
Russula elegans,Russula elegans,2
Russula faustiana,Russula faustiana,2
Russula impolita,Russula impolita,2
Russula medullata,Russula medullata,2
Russula olivascens,Russula olivascens,2
Russula rubrocarminea,Russula rubrocarminea,2
Russula rutila,Russula rutila,2
Russula sericatula,Russula sericatula,2
Russula stenotricha,Russula stenotricha,2
Russula versatilis,Russula versatilis,2
Russula viscida,Russula viscida,2
Sabuloglossum arenarium,Sabuloglossum arenarium,2
Sarcodon leucopus,Sarcodon leucopus,2
Sarcodon squamosus,Sarcodon squamosus,2
Sowerbyella imperialis,Sowerbyella imperialis,2
Tapinella panuoides,Tapinella panuoides,2
Tricholoma albidum,Tricholoma albidum,2
Verpa digitaliformis,Verpa digitaliformis,2
Xerocomellus cisalpinus,Xerocomellus cisalpinus,2
Zhuliangomyces illinitus,Zhuliangomyces illinitus,2
Amanita caesarea,Amanita caesarea,1
Amanita magnivolvata,Amanita magnivolvata,1
Amanita ochraceomaculata,Amanita ochraceomaculata,1
Amanita ovoidea,Amanita ovoidea,1
Amanita spadicea,Amanita spadicea,1
Boletinus cavipes,Boletinus cavipes,1
Bovista sp.,Bovista sp.,1
Buchwaldoboletus lignicola,Buchwaldoboletus lignicola,1
Butyriboletus pseudoregius,Butyriboletus pseudoregius,1
Camarophyllopsis dennisiana,Camarophyllopsis dennisiana,1
Camarophyllopsis sp.,Camarophyllopsis sp.,1
Chalciporus rubinus,Chalciporus rubinus,1
Chromosera viola,Chromosera viola,1
Collybia,Collybia,1
Disciotis maturescens,Disciotis maturescens,1
Geastrum melanocephalum,Geastrum melanocephalum,1
Geastrum saccatum,Geastrum saccatum,1
Geastrum sp.,Geastrum sp.,1
Geoglossum sp.,Geoglossum sp.,1
Gloiocephala menieri,Gloiocephala menieri,1
Gymnopus inodorus,Gymnopus inodorus,1
Gymnopus sp.,Gymnopus sp.,1
Helvella albella,Helvella albella,1
Hodophilus atropunctata,Hodophilus atropunctata,1
Hodophilus micaceus,Hodophilus micaceus,1
Hydnellum cumulatum,Hydnellum cumulatum,1
Hydnellum fuligineoviolaceum,Hydnellum fuligineoviolaceum,1
Hygrocybe citrinovirens,Hygrocybe citrinovirens,1
Hygrocybe intermedia,Hygrocybe intermedia,1
Hygrocybe phaeococcinea,Hygrocybe phaeococcinea,1
Hygrocybe punicea,Hygrocybe punicea,1
Hygrocybe sp.,Hygrocybe sp.,1
Hygrocybe spadicea,Hygrocybe spadicea,1
Hygrophoropsis sp.,Hygrophoropsis sp.,1
Hygrophorus camarophyllus,Hygrophorus camarophyllus,1
Hygrophorus latitabundus,Hygrophorus latitabundus,1
Lactarius acris,Lactarius acris,1
Lactarius albocarneus,Lactarius albocarneus,1
Lactarius cremor,Lactarius cremor,1
Lactarius flexuosus,Lactarius flexuosus,1
Lactarius fraxineus,Lactarius fraxineus,1
Lycoperdon foetidum,Lycoperdon foetidum,1
Marasmiellus humillimus,Marasmiellus humillimus,1
Micromphale todeae,Micromphale todeae,1
Otidea apophysata,Otidea apophysata,1
Panus conchatus,Panus conchatus,1
Pleurotus sp.,Pleurotus sp.,1
Poronia sp.,Poronia sp.,1
Pulveroboletus gentilis,Pulveroboletus gentilis,1
Russula amarissima,Russula amarissima,1
Russula aurantiaca,Russula aurantiaca,1
Russula azurea,Russula azurea,1
Russula barlae,Russula barlae,1
Russula brevis,Russula brevis,1
Russula clusii,Russula clusii,1
Russula cretata,Russula cretata,1
Russula emeticella,Russula emeticella,1
Russula illota,Russula illota,1
Russula innocua,Russula innocua,1
Russula intermedia,Russula intermedia,1
Russula laricina,Russula laricina,1
Russula lutensis,Russula lutensis,1
Russula mollis,Russula mollis,1
Russula mustelina,Russula mustelina,1
Russula praetervisa,Russula praetervisa,1
Russula pseudodelica,Russula pseudodelica,1
Russula pseudoromellii,Russula pseudoromellii,1
Russula rhodella,Russula rhodella,1
Russula rubroalba,Russula rubroalba,1
Russula schaefferi,Russula schaefferi,1
Russula scotica,Russula scotica,1
Russula subcristulata,Russula subcristulata,1
Russula submelitodes,Russula submelitodes,1
Russula vinosa,Russula vinosa,1
Russula viroviolacea,Russula viroviolacea,1
Sowerbyella rhenana,Sowerbyella rhenana,1
Trichoglossum sp.,Trichoglossum sp.,1
Trichoglossum variabile,Trichoglossum variabile,1
Trichoglossum walteri,Trichoglossum walteri,1
Tricholoma filamentosum,Tricholoma filamentosum,1
Tricholoma obscurissima,Tricholoma obscurissima,1
Tricholoma pardinum,Tricholoma pardinum,1
Tricholoma sulphurescens,Tricholoma sulphurescens,1
Tulostoma sp.,Tulostoma sp.,1
Verpa krombholzii,Verpa krombholzii,1
Xerocomellus engelii,Xerocomellus engelii,1
Xerocomellus pruinatus,Xerocomellus pruinatus,1
Xerocomus ferrugineus,Xerocomus ferrugineus,1
