IFBL;ifbluurhok;Xcoord;Ycoord
A456;a4-56;152012.000000;240180.000000
A457;a4-57;156012.000000;240180.000000
A458;a4-58;160012.000000;240180.000000
A544;a5-44;176012.000000;244180.000000
A545;a5-45;180012.000000;244180.000000
A551;a5-51;164012.000000;240180.000000
A553;a5-53;172012.000000;240180.000000
A554;a5-54;176012.000000;240180.000000
A555;a5-55;180012.000000;240180.000000
A556;a5-56;184012.000000;240180.000000
A557;a5-57;188012.000000;240180.000000
A558;a5-58;192012.000000;240180.000000
A641;a6-41;196012.000000;244180.000000
A651;a6-51;196012.000000;240180.000000
A652;a6-52;200012.000000;240180.000000
B147;b1-47;60012.000000;224180.000000
B148;b1-48;64012.000000;224180.000000
B156;b1-56;56012.000000;220180.000000
B157;b1-57;60012.000000;220180.000000
B158;b1-58;64012.000000;220180.000000
B231;b2-31;68012.000000;228180.000000
B232;b2-32;72012.000000;228180.000000
B233;b2-33;76012.000000;228180.000000
B234;b2-34;80012.000000;228180.000000
B241;b2-41;68012.000000;224180.000000
B242;b2-42;72012.000000;224180.000000
B243;b2-43;76012.000000;224180.000000
B244;b2-44;80012.000000;224180.000000
B251;b2-51;68012.000000;220180.000000
B252;b2-52;72012.000000;220180.000000
B253;b2-53;76012.000000;220180.000000
B254;b2-54;80012.000000;220180.000000
B257;b2-57;92012.000000;220180.000000
B258;b2-58;96012.000000;220180.000000
B351;b3-51;100012.000000;220180.000000
B352;b3-52;104012.000000;220180.000000
B416;b4-16;152012.000000;236180.000000
B417;b4-17;156012.000000;236180.000000
B418;b4-18;160012.000000;236180.000000
B426;b4-26;152012.000000;232180.000000
B427;b4-27;156012.000000;232180.000000
B428;b4-28;160012.000000;232180.000000
B433;b4-33;140012.000000;228180.000000
B434;b4-34;144012.000000;228180.000000
B435;b4-35;148012.000000;228180.000000
B436;b4-36;152012.000000;228180.000000
B437;b4-37;156012.000000;228180.000000
B438;b4-38;160012.000000;228180.000000
B442;b4-42;136012.000000;224180.000000
B443;b4-43;140012.000000;224180.000000
B444;b4-44;144012.000000;224180.000000
B445;b4-45;148012.000000;224180.000000
B446;b4-46;152012.000000;224180.000000
B447;b4-47;156012.000000;224180.000000
B448;b4-48;160012.000000;224180.000000
B451;b4-51;132012.000000;220180.000000
B452;b4-52;136012.000000;220180.000000
B453;b4-53;140012.000000;220180.000000
B454;b4-54;144012.000000;220180.000000
B455;b4-55;148012.000000;220180.000000
B456;b4-56;152012.000000;220180.000000
B457;b4-57;156012.000000;220180.000000
B458;b4-58;160012.000000;220180.000000
B511;b5-11;164012.000000;236180.000000
B512;b5-12;168012.000000;236180.000000
B513;b5-13;172012.000000;236180.000000
B514;b5-14;176012.000000;236180.000000
B515;b5-15;180012.000000;236180.000000
B516;b5-16;184012.000000;236180.000000
B517;b5-17;188012.000000;236180.000000
B518;b5-18;192012.000000;236180.000000
B521;b5-21;164012.000000;232180.000000
B522;b5-22;168012.000000;232180.000000
B523;b5-23;172012.000000;232180.000000
B524;b5-24;176012.000000;232180.000000
B525;b5-25;180012.000000;232180.000000
B526;b5-26;184012.000000;232180.000000
B527;b5-27;188012.000000;232180.000000
B528;b5-28;192012.000000;232180.000000
B531;b5-31;164012.000000;228180.000000
B532;b5-32;168012.000000;228180.000000
B533;b5-33;172012.000000;228180.000000
B534;b5-34;176012.000000;228180.000000
B535;b5-35;180012.000000;228180.000000
B536;b5-36;184012.000000;228180.000000
B537;b5-37;188012.000000;228180.000000
B538;b5-38;192012.000000;228180.000000
B541;b5-41;164012.000000;224180.000000
B542;b5-42;168012.000000;224180.000000
B543;b5-43;172012.000000;224180.000000
B544;b5-44;176012.000000;224180.000000
B545;b5-45;180012.000000;224180.000000
B546;b5-46;184012.000000;224180.000000
B547;b5-47;188012.000000;224180.000000
B548;b5-48;192012.000000;224180.000000
B551;b5-51;164012.000000;220180.000000
B552;b5-52;168012.000000;220180.000000
B553;b5-53;172012.000000;220180.000000
B554;b5-54;176012.000000;220180.000000
B555;b5-55;180012.000000;220180.000000
B556;b5-56;184012.000000;220180.000000
B557;b5-57;188012.000000;220180.000000
B558;b5-58;192012.000000;220180.000000
B611;b6-11;196012.000000;236180.000000
B612;b6-12;200012.000000;236180.000000
B621;b6-21;196012.000000;232180.000000
B622;b6-22;200012.000000;232180.000000
B631;b6-31;196012.000000;228180.000000
B632;b6-32;200012.000000;228180.000000
B633;b6-33;204012.000000;228180.000000
B641;b6-41;196012.000000;224180.000000
B642;b6-42;200012.000000;224180.000000
B643;b6-43;204012.000000;224180.000000
B644;b6-44;208012.000000;224180.000000
B645;b6-45;212012.000000;224180.000000
B651;b6-51;196012.000000;220180.000000
B652;b6-52;200012.000000;220180.000000
B653;b6-53;204012.000000;220180.000000
B654;b6-54;208012.000000;220180.000000
B655;b6-55;212012.000000;220180.000000
B657;b6-57;220012.000000;220180.000000
B658;b6-58;224012.000000;220180.000000
B751;b7-51;228012.000000;220180.000000
B752;b7-52;232012.000000;220180.000000
C047;c0-47;28012.000000;204180.000000
C048;c0-48;32012.000000;204180.000000
C056;c0-56;24012.000000;200180.000000
C057;c0-57;28012.000000;200180.000000
C058;c0-58;32012.000000;200180.000000
C114;c1-14;48012.000000;216180.000000
C115;c1-15;52012.000000;216180.000000
C116;c1-16;56012.000000;216180.000000
C117;c1-17;60012.000000;216180.000000
C118;c1-18;64012.000000;216180.000000
C122;c1-22;40012.000000;212180.000000
C123;c1-23;44012.000000;212180.000000
C124;c1-24;48012.000000;212180.000000
C125;c1-25;52012.000000;212180.000000
C126;c1-26;56012.000000;212180.000000
C127;c1-27;60012.000000;212180.000000
C128;c1-28;64012.000000;212180.000000
C131;c1-31;36012.000000;208180.000000
C132;c1-32;40012.000000;208180.000000
C133;c1-33;44012.000000;208180.000000
C134;c1-34;48012.000000;208180.000000
C135;c1-35;52012.000000;208180.000000
C136;c1-36;56012.000000;208180.000000
C137;c1-37;60012.000000;208180.000000
C138;c1-38;64012.000000;208180.000000
C141;c1-41;36012.000000;204180.000000
C142;c1-42;40012.000000;204180.000000
C143;c1-43;44012.000000;204180.000000
C144;c1-44;48012.000000;204180.000000
C145;c1-45;52012.000000;204180.000000
C146;c1-46;56012.000000;204180.000000
C147;c1-47;60012.000000;204180.000000
C148;c1-48;64012.000000;204180.000000
C151;c1-51;36012.000000;200180.000000
C152;c1-52;40012.000000;200180.000000
C153;c1-53;44012.000000;200180.000000
C154;c1-54;48012.000000;200180.000000
C155;c1-55;52012.000000;200180.000000
C156;c1-56;56012.000000;200180.000000
C157;c1-57;60012.000000;200180.000000
C158;c1-58;64012.000000;200180.000000
C211;c2-11;68012.000000;216180.000000
C212;c2-12;72012.000000;216180.000000
C213;c2-13;76012.000000;216180.000000
C214;c2-14;80012.000000;216180.000000
C215;c2-15;84012.000000;216180.000000
C216;c2-16;88012.000000;216180.000000
C217;c2-17;92012.000000;216180.000000
C218;c2-18;96012.000000;216180.000000
C221;c2-21;68012.000000;212180.000000
C222;c2-22;72012.000000;212180.000000
C223;c2-23;76012.000000;212180.000000
C224;c2-24;80012.000000;212180.000000
C225;c2-25;84012.000000;212180.000000
C226;c2-26;88012.000000;212180.000000
C227;c2-27;92012.000000;212180.000000
C228;c2-28;96012.000000;212180.000000
C231;c2-31;68012.000000;208180.000000
C232;c2-32;72012.000000;208180.000000
C233;c2-33;76012.000000;208180.000000
C234;c2-34;80012.000000;208180.000000
C235;c2-35;84012.000000;208180.000000
C236;c2-36;88012.000000;208180.000000
C237;c2-37;92012.000000;208180.000000
C238;c2-38;96012.000000;208180.000000
C241;c2-41;68012.000000;204180.000000
C242;c2-42;72012.000000;204180.000000
C243;c2-43;76012.000000;204180.000000
C244;c2-44;80012.000000;204180.000000
C245;c2-45;84012.000000;204180.000000
C246;c2-46;88012.000000;204180.000000
C247;c2-47;92012.000000;204180.000000
C248;c2-48;96012.000000;204180.000000
C251;c2-51;68012.000000;200180.000000
C252;c2-52;72012.000000;200180.000000
C253;c2-53;76012.000000;200180.000000
C254;c2-54;80012.000000;200180.000000
C255;c2-55;84012.000000;200180.000000
C256;c2-56;88012.000000;200180.000000
C257;c2-57;92012.000000;200180.000000
C258;c2-58;96012.000000;200180.000000
C311;c3-11;100012.000000;216180.000000
C312;c3-12;104012.000000;216180.000000
C313;c3-13;108012.000000;216180.000000
C317;c3-17;124012.000000;216180.000000
C318;c3-18;128012.000000;216180.000000
C321;c3-21;100012.000000;212180.000000
C322;c3-22;104012.000000;212180.000000
C323;c3-23;108012.000000;212180.000000
C324;c3-24;112012.000000;212180.000000
C325;c3-25;116012.000000;212180.000000
C326;c3-26;120012.000000;212180.000000
C327;c3-27;124012.000000;212180.000000
C328;c3-28;128012.000000;212180.000000
C331;c3-31;100012.000000;208180.000000
C332;c3-32;104012.000000;208180.000000
C333;c3-33;108012.000000;208180.000000
C334;c3-34;112012.000000;208180.000000
C335;c3-35;116012.000000;208180.000000
C336;c3-36;120012.000000;208180.000000
C337;c3-37;124012.000000;208180.000000
C338;c3-38;128012.000000;208180.000000
C341;c3-41;100012.000000;204180.000000
C342;c3-42;104012.000000;204180.000000
C343;c3-43;108012.000000;204180.000000
C344;c3-44;112012.000000;204180.000000
C345;c3-45;116012.000000;204180.000000
C346;c3-46;120012.000000;204180.000000
C347;c3-47;124012.000000;204180.000000
C348;c3-48;128012.000000;204180.000000
C351;c3-51;100012.000000;200180.000000
C352;c3-52;104012.000000;200180.000000
C353;c3-53;108012.000000;200180.000000
C354;c3-54;112012.000000;200180.000000
C355;c3-55;116012.000000;200180.000000
C356;c3-56;120012.000000;200180.000000
C357;c3-57;124012.000000;200180.000000
C358;c3-58;128012.000000;200180.000000
C411;c4-11;132012.000000;216180.000000
C412;c4-12;136012.000000;216180.000000
C413;c4-13;140012.000000;216180.000000
C414;c4-14;144012.000000;216180.000000
C415;c4-15;148012.000000;216180.000000
C416;c4-16;152012.000000;216180.000000
C417;c4-17;156012.000000;216180.000000
C418;c4-18;160012.000000;216180.000000
C421;c4-21;132012.000000;212180.000000
C422;c4-22;136012.000000;212180.000000
C423;c4-23;140012.000000;212180.000000
C424;c4-24;144012.000000;212180.000000
C425;c4-25;148012.000000;212180.000000
C426;c4-26;152012.000000;212180.000000
C427;c4-27;156012.000000;212180.000000
C428;c4-28;160012.000000;212180.000000
C431;c4-31;132012.000000;208180.000000
C432;c4-32;136012.000000;208180.000000
C433;c4-33;140012.000000;208180.000000
C434;c4-34;144012.000000;208180.000000
C435;c4-35;148012.000000;208180.000000
C436;c4-36;152012.000000;208180.000000
C437;c4-37;156012.000000;208180.000000
C438;c4-38;160012.000000;208180.000000
C441;c4-41;132012.000000;204180.000000
C442;c4-42;136012.000000;204180.000000
C443;c4-43;140012.000000;204180.000000
C444;c4-44;144012.000000;204180.000000
C445;c4-45;148012.000000;204180.000000
C446;c4-46;152012.000000;204180.000000
C447;c4-47;156012.000000;204180.000000
C448;c4-48;160012.000000;204180.000000
C451;c4-51;132012.000000;200180.000000
C452;c4-52;136012.000000;200180.000000
C453;c4-53;140012.000000;200180.000000
C454;c4-54;144012.000000;200180.000000
C455;c4-55;148012.000000;200180.000000
C456;c4-56;152012.000000;200180.000000
C457;c4-57;156012.000000;200180.000000
C458;c4-58;160012.000000;200180.000000
C511;c5-11;164012.000000;216180.000000
C512;c5-12;168012.000000;216180.000000
C513;c5-13;172012.000000;216180.000000
C514;c5-14;176012.000000;216180.000000
C515;c5-15;180012.000000;216180.000000
C516;c5-16;184012.000000;216180.000000
C517;c5-17;188012.000000;216180.000000
C518;c5-18;192012.000000;216180.000000
C521;c5-21;164012.000000;212180.000000
C522;c5-22;168012.000000;212180.000000
C523;c5-23;172012.000000;212180.000000
C524;c5-24;176012.000000;212180.000000
C525;c5-25;180012.000000;212180.000000
C526;c5-26;184012.000000;212180.000000
C527;c5-27;188012.000000;212180.000000
C528;c5-28;192012.000000;212180.000000
C531;c5-31;164012.000000;208180.000000
C532;c5-32;168012.000000;208180.000000
C533;c5-33;172012.000000;208180.000000
C534;c5-34;176012.000000;208180.000000
C535;c5-35;180012.000000;208180.000000
C536;c5-36;184012.000000;208180.000000
C537;c5-37;188012.000000;208180.000000
C538;c5-38;192012.000000;208180.000000
C541;c5-41;164012.000000;204180.000000
C542;c5-42;168012.000000;204180.000000
C543;c5-43;172012.000000;204180.000000
C544;c5-44;176012.000000;204180.000000
C545;c5-45;180012.000000;204180.000000
C546;c5-46;184012.000000;204180.000000
C547;c5-47;188012.000000;204180.000000
C548;c5-48;192012.000000;204180.000000
C551;c5-51;164012.000000;200180.000000
C552;c5-52;168012.000000;200180.000000
C553;c5-53;172012.000000;200180.000000
C554;c5-54;176012.000000;200180.000000
C555;c5-55;180012.000000;200180.000000
C556;c5-56;184012.000000;200180.000000
C557;c5-57;188012.000000;200180.000000
C558;c5-58;192012.000000;200180.000000
C611;c6-11;196012.000000;216180.000000
C612;c6-12;200012.000000;216180.000000
C613;c6-13;204012.000000;216180.000000
C614;c6-14;208012.000000;216180.000000
C615;c6-15;212012.000000;216180.000000
C616;c6-16;216012.000000;216180.000000
C617;c6-17;220012.000000;216180.000000
C618;c6-18;224012.000000;216180.000000
C621;c6-21;196012.000000;212180.000000
C622;c6-22;200012.000000;212180.000000
C623;c6-23;204012.000000;212180.000000
C624;c6-24;208012.000000;212180.000000
C625;c6-25;212012.000000;212180.000000
C626;c6-26;216012.000000;212180.000000
C627;c6-27;220012.000000;212180.000000
C628;c6-28;224012.000000;212180.000000
C631;c6-31;196012.000000;208180.000000
C632;c6-32;200012.000000;208180.000000
C633;c6-33;204012.000000;208180.000000
C634;c6-34;208012.000000;208180.000000
C635;c6-35;212012.000000;208180.000000
C636;c6-36;216012.000000;208180.000000
C637;c6-37;220012.000000;208180.000000
C638;c6-38;224012.000000;208180.000000
C641;c6-41;196012.000000;204180.000000
C642;c6-42;200012.000000;204180.000000
C643;c6-43;204012.000000;204180.000000
C644;c6-44;208012.000000;204180.000000
C645;c6-45;212012.000000;204180.000000
C646;c6-46;216012.000000;204180.000000
C647;c6-47;220012.000000;204180.000000
C648;c6-48;224012.000000;204180.000000
C651;c6-51;196012.000000;200180.000000
C652;c6-52;200012.000000;200180.000000
C653;c6-53;204012.000000;200180.000000
C654;c6-54;208012.000000;200180.000000
C655;c6-55;212012.000000;200180.000000
C656;c6-56;216012.000000;200180.000000
C657;c6-57;220012.000000;200180.000000
C658;c6-58;224012.000000;200180.000000
C711;c7-11;228012.000000;216180.000000
C712;c7-12;232012.000000;216180.000000
C721;c7-21;228012.000000;212180.000000
C722;c7-22;232012.000000;212180.000000
C723;c7-23;236012.000000;212180.000000
C724;c7-24;240012.000000;212180.000000
C731;c7-31;228012.000000;208180.000000
C732;c7-32;232012.000000;208180.000000
C733;c7-33;236012.000000;208180.000000
C734;c7-34;240012.000000;208180.000000
C735;c7-35;244012.000000;208180.000000
C736;c7-36;248012.000000;208180.000000
C737;c7-37;252012.000000;208180.000000
C741;c7-41;228012.000000;204180.000000
C742;c7-42;232012.000000;204180.000000
C743;c7-43;236012.000000;204180.000000
C744;c7-44;240012.000000;204180.000000
C745;c7-45;244012.000000;204180.000000
C746;c7-46;248012.000000;204180.000000
C747;c7-47;252012.000000;204180.000000
C748;c7-48;256012.000000;204180.000000
C751;c7-51;228012.000000;200180.000000
C752;c7-52;232012.000000;200180.000000
C753;c7-53;236012.000000;200180.000000
C754;c7-54;240012.000000;200180.000000
C755;c7-55;244012.000000;200180.000000
C756;c7-56;248012.000000;200180.000000
C757;c7-57;252012.000000;200180.000000
D016;d0-16;24012.000000;196180.000000
D017;d0-17;28012.000000;196180.000000
D018;d0-18;32012.000000;196180.000000
D026;d0-26;24012.000000;192180.000000
D027;d0-27;28012.000000;192180.000000
D028;d0-28;32012.000000;192180.000000
D036;d0-36;24012.000000;188180.000000
D037;d0-37;28012.000000;188180.000000
D038;d0-38;32012.000000;188180.000000
D047;d0-47;28012.000000;184180.000000
D048;d0-48;32012.000000;184180.000000
D056;d0-56;24012.000000;180180.000000
D057;d0-57;28012.000000;180180.000000
D058;d0-58;32012.000000;180180.000000
D111;d1-11;36012.000000;196180.000000
D112;d1-12;40012.000000;196180.000000
D113;d1-13;44012.000000;196180.000000
D114;d1-14;48012.000000;196180.000000
D115;d1-15;52012.000000;196180.000000
D116;d1-16;56012.000000;196180.000000
D117;d1-17;60012.000000;196180.000000
D118;d1-18;64012.000000;196180.000000
D121;d1-21;36012.000000;192180.000000
D122;d1-22;40012.000000;192180.000000
D123;d1-23;44012.000000;192180.000000
D124;d1-24;48012.000000;192180.000000
D125;d1-25;52012.000000;192180.000000
D126;d1-26;56012.000000;192180.000000
D127;d1-27;60012.000000;192180.000000
D128;d1-28;64012.000000;192180.000000
D131;d1-31;36012.000000;188180.000000
D132;d1-32;40012.000000;188180.000000
D133;d1-33;44012.000000;188180.000000
D134;d1-34;48012.000000;188180.000000
D135;d1-35;52012.000000;188180.000000
D136;d1-36;56012.000000;188180.000000
D137;d1-37;60012.000000;188180.000000
D138;d1-38;64012.000000;188180.000000
D141;d1-41;36012.000000;184180.000000
D142;d1-42;40012.000000;184180.000000
D143;d1-43;44012.000000;184180.000000
D144;d1-44;48012.000000;184180.000000
D145;d1-45;52012.000000;184180.000000
D146;d1-46;56012.000000;184180.000000
D147;d1-47;60012.000000;184180.000000
D148;d1-48;64012.000000;184180.000000
D151;d1-51;36012.000000;180180.000000
D152;d1-52;40012.000000;180180.000000
D153;d1-53;44012.000000;180180.000000
D154;d1-54;48012.000000;180180.000000
D155;d1-55;52012.000000;180180.000000
D156;d1-56;56012.000000;180180.000000
D157;d1-57;60012.000000;180180.000000
D158;d1-58;64012.000000;180180.000000
D211;d2-11;68012.000000;196180.000000
D212;d2-12;72012.000000;196180.000000
D213;d2-13;76012.000000;196180.000000
D214;d2-14;80012.000000;196180.000000
D215;d2-15;84012.000000;196180.000000
D216;d2-16;88012.000000;196180.000000
D217;d2-17;92012.000000;196180.000000
D218;d2-18;96012.000000;196180.000000
D221;d2-21;68012.000000;192180.000000
D222;d2-22;72012.000000;192180.000000
D223;d2-23;76012.000000;192180.000000
D224;d2-24;80012.000000;192180.000000
D225;d2-25;84012.000000;192180.000000
D226;d2-26;88012.000000;192180.000000
D227;d2-27;92012.000000;192180.000000
D228;d2-28;96012.000000;192180.000000
D231;d2-31;68012.000000;188180.000000
D232;d2-32;72012.000000;188180.000000
D233;d2-33;76012.000000;188180.000000
D234;d2-34;80012.000000;188180.000000
D235;d2-35;84012.000000;188180.000000
D236;d2-36;88012.000000;188180.000000
D237;d2-37;92012.000000;188180.000000
D238;d2-38;96012.000000;188180.000000
D241;d2-41;68012.000000;184180.000000
D242;d2-42;72012.000000;184180.000000
D243;d2-43;76012.000000;184180.000000
D244;d2-44;80012.000000;184180.000000
D245;d2-45;84012.000000;184180.000000
D246;d2-46;88012.000000;184180.000000
D247;d2-47;92012.000000;184180.000000
D248;d2-48;96012.000000;184180.000000
D251;d2-51;68012.000000;180180.000000
D252;d2-52;72012.000000;180180.000000
D253;d2-53;76012.000000;180180.000000
D254;d2-54;80012.000000;180180.000000
D255;d2-55;84012.000000;180180.000000
D256;d2-56;88012.000000;180180.000000
D257;d2-57;92012.000000;180180.000000
D258;d2-58;96012.000000;180180.000000
D311;d3-11;100012.000000;196180.000000
D312;d3-12;104012.000000;196180.000000
D313;d3-13;108012.000000;196180.000000
D314;d3-14;112012.000000;196180.000000
D315;d3-15;116012.000000;196180.000000
D316;d3-16;120012.000000;196180.000000
D317;d3-17;124012.000000;196180.000000
D318;d3-18;128012.000000;196180.000000
D321;d3-21;100012.000000;192180.000000
D322;d3-22;104012.000000;192180.000000
D323;d3-23;108012.000000;192180.000000
D324;d3-24;112012.000000;192180.000000
D325;d3-25;116012.000000;192180.000000
D326;d3-26;120012.000000;192180.000000
D327;d3-27;124012.000000;192180.000000
D328;d3-28;128012.000000;192180.000000
D331;d3-31;100012.000000;188180.000000
D332;d3-32;104012.000000;188180.000000
D333;d3-33;108012.000000;188180.000000
D334;d3-34;112012.000000;188180.000000
D335;d3-35;116012.000000;188180.000000
D336;d3-36;120012.000000;188180.000000
D337;d3-37;124012.000000;188180.000000
D338;d3-38;128012.000000;188180.000000
D341;d3-41;100012.000000;184180.000000
D342;d3-42;104012.000000;184180.000000
D343;d3-43;108012.000000;184180.000000
D344;d3-44;112012.000000;184180.000000
D345;d3-45;116012.000000;184180.000000
D346;d3-46;120012.000000;184180.000000
D347;d3-47;124012.000000;184180.000000
D348;d3-48;128012.000000;184180.000000
D351;d3-51;100012.000000;180180.000000
D352;d3-52;104012.000000;180180.000000
D353;d3-53;108012.000000;180180.000000
D354;d3-54;112012.000000;180180.000000
D355;d3-55;116012.000000;180180.000000
D356;d3-56;120012.000000;180180.000000
D357;d3-57;124012.000000;180180.000000
D358;d3-58;128012.000000;180180.000000
D411;d4-11;132012.000000;196180.000000
D412;d4-12;136012.000000;196180.000000
D413;d4-13;140012.000000;196180.000000
D414;d4-14;144012.000000;196180.000000
D415;d4-15;148012.000000;196180.000000
D416;d4-16;152012.000000;196180.000000
D417;d4-17;156012.000000;196180.000000
D418;d4-18;160012.000000;196180.000000
D421;d4-21;132012.000000;192180.000000
D422;d4-22;136012.000000;192180.000000
D423;d4-23;140012.000000;192180.000000
D424;d4-24;144012.000000;192180.000000
D425;d4-25;148012.000000;192180.000000
D426;d4-26;152012.000000;192180.000000
D427;d4-27;156012.000000;192180.000000
D428;d4-28;160012.000000;192180.000000
D431;d4-31;132012.000000;188180.000000
D432;d4-32;136012.000000;188180.000000
D433;d4-33;140012.000000;188180.000000
D434;d4-34;144012.000000;188180.000000
D435;d4-35;148012.000000;188180.000000
D436;d4-36;152012.000000;188180.000000
D437;d4-37;156012.000000;188180.000000
D438;d4-38;160012.000000;188180.000000
D441;d4-41;132012.000000;184180.000000
D442;d4-42;136012.000000;184180.000000
D443;d4-43;140012.000000;184180.000000
D444;d4-44;144012.000000;184180.000000
D445;d4-45;148012.000000;184180.000000
D446;d4-46;152012.000000;184180.000000
D447;d4-47;156012.000000;184180.000000
D448;d4-48;160012.000000;184180.000000
D451;d4-51;132012.000000;180180.000000
D452;d4-52;136012.000000;180180.000000
D453;d4-53;140012.000000;180180.000000
D454;d4-54;144012.000000;180180.000000
D455;d4-55;148012.000000;180180.000000
D456;d4-56;152012.000000;180180.000000
D457;d4-57;156012.000000;180180.000000
D458;d4-58;160012.000000;180180.000000
D511;d5-11;164012.000000;196180.000000
D512;d5-12;168012.000000;196180.000000
D513;d5-13;172012.000000;196180.000000
D514;d5-14;176012.000000;196180.000000
D515;d5-15;180012.000000;196180.000000
D516;d5-16;184012.000000;196180.000000
D517;d5-17;188012.000000;196180.000000
D518;d5-18;192012.000000;196180.000000
D521;d5-21;164012.000000;192180.000000
D522;d5-22;168012.000000;192180.000000
D523;d5-23;172012.000000;192180.000000
D524;d5-24;176012.000000;192180.000000
D525;d5-25;180012.000000;192180.000000
D526;d5-26;184012.000000;192180.000000
D527;d5-27;188012.000000;192180.000000
D528;d5-28;192012.000000;192180.000000
D531;d5-31;164012.000000;188180.000000
D532;d5-32;168012.000000;188180.000000
D533;d5-33;172012.000000;188180.000000
D534;d5-34;176012.000000;188180.000000
D535;d5-35;180012.000000;188180.000000
D536;d5-36;184012.000000;188180.000000
D537;d5-37;188012.000000;188180.000000
D538;d5-38;192012.000000;188180.000000
D541;d5-41;164012.000000;184180.000000
D542;d5-42;168012.000000;184180.000000
D543;d5-43;172012.000000;184180.000000
D544;d5-44;176012.000000;184180.000000
D545;d5-45;180012.000000;184180.000000
D546;d5-46;184012.000000;184180.000000
D547;d5-47;188012.000000;184180.000000
D548;d5-48;192012.000000;184180.000000
D551;d5-51;164012.000000;180180.000000
D552;d5-52;168012.000000;180180.000000
D553;d5-53;172012.000000;180180.000000
D554;d5-54;176012.000000;180180.000000
D555;d5-55;180012.000000;180180.000000
D556;d5-56;184012.000000;180180.000000
D557;d5-57;188012.000000;180180.000000
D558;d5-58;192012.000000;180180.000000
D611;d6-11;196012.000000;196180.000000
D612;d6-12;200012.000000;196180.000000
D613;d6-13;204012.000000;196180.000000
D614;d6-14;208012.000000;196180.000000
D615;d6-15;212012.000000;196180.000000
D616;d6-16;216012.000000;196180.000000
D617;d6-17;220012.000000;196180.000000
D618;d6-18;224012.000000;196180.000000
D621;d6-21;196012.000000;192180.000000
D622;d6-22;200012.000000;192180.000000
D623;d6-23;204012.000000;192180.000000
D624;d6-24;208012.000000;192180.000000
D625;d6-25;212012.000000;192180.000000
D626;d6-26;216012.000000;192180.000000
D627;d6-27;220012.000000;192180.000000
D628;d6-28;224012.000000;192180.000000
D631;d6-31;196012.000000;188180.000000
D632;d6-32;200012.000000;188180.000000
D633;d6-33;204012.000000;188180.000000
D634;d6-34;208012.000000;188180.000000
D635;d6-35;212012.000000;188180.000000
D636;d6-36;216012.000000;188180.000000
D637;d6-37;220012.000000;188180.000000
D638;d6-38;224012.000000;188180.000000
D641;d6-41;196012.000000;184180.000000
D642;d6-42;200012.000000;184180.000000
D643;d6-43;204012.000000;184180.000000
D644;d6-44;208012.000000;184180.000000
D645;d6-45;212012.000000;184180.000000
D646;d6-46;216012.000000;184180.000000
D647;d6-47;220012.000000;184180.000000
D648;d6-48;224012.000000;184180.000000
D651;d6-51;196012.000000;180180.000000
D652;d6-52;200012.000000;180180.000000
D653;d6-53;204012.000000;180180.000000
D654;d6-54;208012.000000;180180.000000
D655;d6-55;212012.000000;180180.000000
D656;d6-56;216012.000000;180180.000000
D657;d6-57;220012.000000;180180.000000
D658;d6-58;224012.000000;180180.000000
D711;d7-11;228012.000000;196180.000000
D712;d7-12;232012.000000;196180.000000
D713;d7-13;236012.000000;196180.000000
D714;d7-14;240012.000000;196180.000000
D715;d7-15;244012.000000;196180.000000
D716;d7-16;248012.000000;196180.000000
D717;d7-17;252012.000000;196180.000000
D721;d7-21;228012.000000;192180.000000
D722;d7-22;232012.000000;192180.000000
D723;d7-23;236012.000000;192180.000000
D724;d7-24;240012.000000;192180.000000
D725;d7-25;244012.000000;192180.000000
D726;d7-26;248012.000000;192180.000000
D731;d7-31;228012.000000;188180.000000
D732;d7-32;232012.000000;188180.000000
D733;d7-33;236012.000000;188180.000000
D734;d7-34;240012.000000;188180.000000
D735;d7-35;244012.000000;188180.000000
D736;d7-36;248012.000000;188180.000000
D741;d7-41;228012.000000;184180.000000
D742;d7-42;232012.000000;184180.000000
D743;d7-43;236012.000000;184180.000000
D744;d7-44;240012.000000;184180.000000
D745;d7-45;244012.000000;184180.000000
D746;d7-46;248012.000000;184180.000000
D751;d7-51;228012.000000;180180.000000
D752;d7-52;232012.000000;180180.000000
D753;d7-53;236012.000000;180180.000000
D754;d7-54;240012.000000;180180.000000
D755;d7-55;244012.000000;180180.000000
D756;d7-56;248012.000000;180180.000000
E016;e0-16;24012.000000;176180.000000
E017;e0-17;28012.000000;176180.000000
E018;e0-18;32012.000000;176180.000000
E026;e0-26;24012.000000;172180.000000
E027;e0-27;28012.000000;172180.000000
E028;e0-28;32012.000000;172180.000000
E037;e0-37;28012.000000;168180.000000
E038;e0-38;32012.000000;168180.000000
E111;e1-11;36012.000000;176180.000000
E112;e1-12;40012.000000;176180.000000
E113;e1-13;44012.000000;176180.000000
E114;e1-14;48012.000000;176180.000000
E115;e1-15;52012.000000;176180.000000
E116;e1-16;56012.000000;176180.000000
E117;e1-17;60012.000000;176180.000000
E118;e1-18;64012.000000;176180.000000
E121;e1-21;36012.000000;172180.000000
E122;e1-22;40012.000000;172180.000000
E123;e1-23;44012.000000;172180.000000
E124;e1-24;48012.000000;172180.000000
E125;e1-25;52012.000000;172180.000000
E126;e1-26;56012.000000;172180.000000
E127;e1-27;60012.000000;172180.000000
E128;e1-28;64012.000000;172180.000000
E131;e1-31;36012.000000;168180.000000
E132;e1-32;40012.000000;168180.000000
E133;e1-33;44012.000000;168180.000000
E134;e1-34;48012.000000;168180.000000
E135;e1-35;52012.000000;168180.000000
E136;e1-36;56012.000000;168180.000000
E137;e1-37;60012.000000;168180.000000
E138;e1-38;64012.000000;168180.000000
E141;e1-41;36012.000000;164180.000000
E142;e1-42;40012.000000;164180.000000
E143;e1-43;44012.000000;164180.000000
E144;e1-44;48012.000000;164180.000000
E145;e1-45;52012.000000;164180.000000
E146;e1-46;56012.000000;164180.000000
E147;e1-47;60012.000000;164180.000000
E148;e1-48;64012.000000;164180.000000
E151;e1-51;36012.000000;160180.000000
E152;e1-52;40012.000000;160180.000000
E153;e1-53;44012.000000;160180.000000
E154;e1-54;48012.000000;160180.000000
E158;e1-58;64012.000000;160180.000000
E211;e2-11;68012.000000;176180.000000
E212;e2-12;72012.000000;176180.000000
E213;e2-13;76012.000000;176180.000000
E214;e2-14;80012.000000;176180.000000
E215;e2-15;84012.000000;176180.000000
E216;e2-16;88012.000000;176180.000000
E217;e2-17;92012.000000;176180.000000
E218;e2-18;96012.000000;176180.000000
E221;e2-21;68012.000000;172180.000000
E222;e2-22;72012.000000;172180.000000
E223;e2-23;76012.000000;172180.000000
E224;e2-24;80012.000000;172180.000000
E225;e2-25;84012.000000;172180.000000
E226;e2-26;88012.000000;172180.000000
E227;e2-27;92012.000000;172180.000000
E228;e2-28;96012.000000;172180.000000
E231;e2-31;68012.000000;168180.000000
E232;e2-32;72012.000000;168180.000000
E233;e2-33;76012.000000;168180.000000
E234;e2-34;80012.000000;168180.000000
E235;e2-35;84012.000000;168180.000000
E236;e2-36;88012.000000;168180.000000
E237;e2-37;92012.000000;168180.000000
E238;e2-38;96012.000000;168180.000000
E241;e2-41;68012.000000;164180.000000
E242;e2-42;72012.000000;164180.000000
E243;e2-43;76012.000000;164180.000000
E244;e2-44;80012.000000;164180.000000
E245;e2-45;84012.000000;164180.000000
E246;e2-46;88012.000000;164180.000000
E247;e2-47;92012.000000;164180.000000
E248;e2-48;96012.000000;164180.000000
E251;e2-51;68012.000000;160180.000000
E252;e2-52;72012.000000;160180.000000
E253;e2-53;76012.000000;160180.000000
E254;e2-54;80012.000000;160180.000000
E255;e2-55;84012.000000;160180.000000
E256;e2-56;88012.000000;160180.000000
E257;e2-57;92012.000000;160180.000000
E258;e2-58;96012.000000;160180.000000
E311;e3-11;100012.000000;176180.000000
E312;e3-12;104012.000000;176180.000000
E313;e3-13;108012.000000;176180.000000
E314;e3-14;112012.000000;176180.000000
E315;e3-15;116012.000000;176180.000000
E316;e3-16;120012.000000;176180.000000
E317;e3-17;124012.000000;176180.000000
E318;e3-18;128012.000000;176180.000000
E321;e3-21;100012.000000;172180.000000
E322;e3-22;104012.000000;172180.000000
E323;e3-23;108012.000000;172180.000000
E324;e3-24;112012.000000;172180.000000
E325;e3-25;116012.000000;172180.000000
E326;e3-26;120012.000000;172180.000000
E327;e3-27;124012.000000;172180.000000
E328;e3-28;128012.000000;172180.000000
E331;e3-31;100012.000000;168180.000000
E332;e3-32;104012.000000;168180.000000
E333;e3-33;108012.000000;168180.000000
E334;e3-34;112012.000000;168180.000000
E335;e3-35;116012.000000;168180.000000
E336;e3-36;120012.000000;168180.000000
E337;e3-37;124012.000000;168180.000000
E338;e3-38;128012.000000;168180.000000
E341;e3-41;100012.000000;164180.000000
E342;e3-42;104012.000000;164180.000000
E343;e3-43;108012.000000;164180.000000
E344;e3-44;112012.000000;164180.000000
E345;e3-45;116012.000000;164180.000000
E346;e3-46;120012.000000;164180.000000
E347;e3-47;124012.000000;164180.000000
E348;e3-48;128012.000000;164180.000000
E351;e3-51;100012.000000;160180.000000
E352;e3-52;104012.000000;160180.000000
E353;e3-53;108012.000000;160180.000000
E354;e3-54;112012.000000;160180.000000
E355;e3-55;116012.000000;160180.000000
E356;e3-56;120012.000000;160180.000000
E357;e3-57;124012.000000;160180.000000
E358;e3-58;128012.000000;160180.000000
E411;e4-11;132012.000000;176180.000000
E412;e4-12;136012.000000;176180.000000
E413;e4-13;140012.000000;176180.000000
E414;e4-14;144012.000000;176180.000000
E415;e4-15;148012.000000;176180.000000
E416;e4-16;152012.000000;176180.000000
E417;e4-17;156012.000000;176180.000000
E418;e4-18;160012.000000;176180.000000
E421;e4-21;132012.000000;172180.000000
E422;e4-22;136012.000000;172180.000000
E423;e4-23;140012.000000;172180.000000
E424;e4-24;144012.000000;172180.000000
E425;e4-25;148012.000000;172180.000000
E426;e4-26;152012.000000;172180.000000
E427;e4-27;156012.000000;172180.000000
E428;e4-28;160012.000000;172180.000000
E431;e4-31;132012.000000;168180.000000
E432;e4-32;136012.000000;168180.000000
E433;e4-33;140012.000000;168180.000000
E434;e4-34;144012.000000;168180.000000
E435;e4-35;148012.000000;168180.000000
E436;e4-36;152012.000000;168180.000000
E437;e4-37;156012.000000;168180.000000
E438;e4-38;160012.000000;168180.000000
E441;e4-41;132012.000000;164180.000000
E442;e4-42;136012.000000;164180.000000
E443;e4-43;140012.000000;164180.000000
E444;e4-44;144012.000000;164180.000000
E445;e4-45;148012.000000;164180.000000
E446;e4-46;152012.000000;164180.000000
E447;e4-47;156012.000000;164180.000000
E448;e4-48;160012.000000;164180.000000
E451;e4-51;132012.000000;160180.000000
E452;e4-52;136012.000000;160180.000000
E453;e4-53;140012.000000;160180.000000
E454;e4-54;144012.000000;160180.000000
E455;e4-55;148012.000000;160180.000000
E456;e4-56;152012.000000;160180.000000
E457;e4-57;156012.000000;160180.000000
E458;e4-58;160012.000000;160180.000000
E511;e5-11;164012.000000;176180.000000
E512;e5-12;168012.000000;176180.000000
E513;e5-13;172012.000000;176180.000000
E514;e5-14;176012.000000;176180.000000
E515;e5-15;180012.000000;176180.000000
E516;e5-16;184012.000000;176180.000000
E517;e5-17;188012.000000;176180.000000
E518;e5-18;192012.000000;176180.000000
E521;e5-21;164012.000000;172180.000000
E522;e5-22;168012.000000;172180.000000
E523;e5-23;172012.000000;172180.000000
E524;e5-24;176012.000000;172180.000000
E525;e5-25;180012.000000;172180.000000
E526;e5-26;184012.000000;172180.000000
E527;e5-27;188012.000000;172180.000000
E528;e5-28;192012.000000;172180.000000
E531;e5-31;164012.000000;168180.000000
E532;e5-32;168012.000000;168180.000000
E533;e5-33;172012.000000;168180.000000
E534;e5-34;176012.000000;168180.000000
E535;e5-35;180012.000000;168180.000000
E536;e5-36;184012.000000;168180.000000
E537;e5-37;188012.000000;168180.000000
E538;e5-38;192012.000000;168180.000000
E541;e5-41;164012.000000;164180.000000
E542;e5-42;168012.000000;164180.000000
E543;e5-43;172012.000000;164180.000000
E544;e5-44;176012.000000;164180.000000
E545;e5-45;180012.000000;164180.000000
E546;e5-46;184012.000000;164180.000000
E547;e5-47;188012.000000;164180.000000
E548;e5-48;192012.000000;164180.000000
E551;e5-51;164012.000000;160180.000000
E552;e5-52;168012.000000;160180.000000
E553;e5-53;172012.000000;160180.000000
E556;e5-56;184012.000000;160180.000000
E557;e5-57;188012.000000;160180.000000
E558;e5-58;192012.000000;160180.000000
E611;e6-11;196012.000000;176180.000000
E612;e6-12;200012.000000;176180.000000
E613;e6-13;204012.000000;176180.000000
E614;e6-14;208012.000000;176180.000000
E615;e6-15;212012.000000;176180.000000
E616;e6-16;216012.000000;176180.000000
E617;e6-17;220012.000000;176180.000000
E618;e6-18;224012.000000;176180.000000
E621;e6-21;196012.000000;172180.000000
E622;e6-22;200012.000000;172180.000000
E623;e6-23;204012.000000;172180.000000
E624;e6-24;208012.000000;172180.000000
E625;e6-25;212012.000000;172180.000000
E626;e6-26;216012.000000;172180.000000
E627;e6-27;220012.000000;172180.000000
E628;e6-28;224012.000000;172180.000000
E631;e6-31;196012.000000;168180.000000
E632;e6-32;200012.000000;168180.000000
E633;e6-33;204012.000000;168180.000000
E634;e6-34;208012.000000;168180.000000
E635;e6-35;212012.000000;168180.000000
E636;e6-36;216012.000000;168180.000000
E637;e6-37;220012.000000;168180.000000
E638;e6-38;224012.000000;168180.000000
E641;e6-41;196012.000000;164180.000000
E642;e6-42;200012.000000;164180.000000
E643;e6-43;204012.000000;164180.000000
E644;e6-44;208012.000000;164180.000000
E645;e6-45;212012.000000;164180.000000
E646;e6-46;216012.000000;164180.000000
E647;e6-47;220012.000000;164180.000000
E648;e6-48;224012.000000;164180.000000
E651;e6-51;196012.000000;160180.000000
E652;e6-52;200012.000000;160180.000000
E653;e6-53;204012.000000;160180.000000
E654;e6-54;208012.000000;160180.000000
E655;e6-55;212012.000000;160180.000000
E656;e6-56;216012.000000;160180.000000
E657;e6-57;220012.000000;160180.000000
E658;e6-58;224012.000000;160180.000000
E711;e7-11;228012.000000;176180.000000
E712;e7-12;232012.000000;176180.000000
E713;e7-13;236012.000000;176180.000000
E714;e7-14;240012.000000;176180.000000
E715;e7-15;244012.000000;176180.000000
E721;e7-21;228012.000000;172180.000000
E722;e7-22;232012.000000;172180.000000
E723;e7-23;236012.000000;172180.000000
E724;e7-24;240012.000000;172180.000000
E731;e7-31;228012.000000;168180.000000
E732;e7-32;232012.000000;168180.000000
E733;e7-33;236012.000000;168180.000000
E734;e7-34;240012.000000;168180.000000
E735;e7-35;244012.000000;168180.000000
E741;e7-41;228012.000000;164180.000000
E742;e7-42;232012.000000;164180.000000
E743;e7-43;236012.000000;164180.000000
E744;e7-44;240012.000000;164180.000000
E745;e7-45;244012.000000;164180.000000
E746;e7-46;248012.000000;164180.000000
E747;e7-47;252012.000000;164180.000000
E748;e7-48;256012.000000;164180.000000
E751;e7-51;228012.000000;160180.000000
E752;e7-52;232012.000000;160180.000000
E753;e7-53;236012.000000;160180.000000
E755;e7-55;244012.000000;160180.000000
E756;e7-56;248012.000000;160180.000000
E757;e7-57;252012.000000;160180.000000
E758;e7-58;256012.000000;160180.000000
E851;e8-51;260012.000000;160180.000000
F112;f1-12;40012.000000;156180.000000
F113;f1-13;44012.000000;156180.000000
F213;f2-13;76012.000000;156180.000000
F214;f2-14;80012.000000;156180.000000
F217;f2-17;92012.000000;156180.000000
F218;f2-18;96012.000000;156180.000000
F311;f3-11;100012.000000;156180.000000
F315;f3-15;116012.000000;156180.000000
F316;f3-16;120012.000000;156180.000000
F317;f3-17;124012.000000;156180.000000
F318;f3-18;128012.000000;156180.000000
F325;f3-25;116012.000000;152180.000000
F326;f3-26;120012.000000;152180.000000
F327;f3-27;124012.000000;152180.000000
F328;f3-28;128012.000000;152180.000000
F411;f4-11;132012.000000;156180.000000
F412;f4-12;136012.000000;156180.000000
F413;f4-13;140012.000000;156180.000000
F414;f4-14;144012.000000;156180.000000
F415;f4-15;148012.000000;156180.000000
F416;f4-16;152012.000000;156180.000000
F418;f4-18;160012.000000;156180.000000
F423;f4-23;140012.000000;152180.000000
F424;f4-24;144012.000000;152180.000000
F611;f6-11;196012.000000;156180.000000
F612;f6-12;200012.000000;156180.000000
F613;f6-13;204012.000000;156180.000000
F614;f6-14;208012.000000;156180.000000
F615;f6-15;212012.000000;156180.000000
F616;f6-16;216012.000000;156180.000000
F618;f6-18;224012.000000;156180.000000
F623;f6-23;204012.000000;152180.000000
F711;f7-11;228012.000000;156180.000000
F717;f7-17;252012.000000;156180.000000
F718;f7-18;256012.000000;156180.000000
